{
  "co2": 28.032908704883226,
  "voc": 46.44692144373673,
  "temp": 23.14108280254789,
  "humidity": 31.215392781316325
}