{
  "co2": 27.934734513274336,
  "voc": 46.5353982300885,
  "temp": 23.114380530973587,
  "humidity": 31.26404867256634
}