{
  "co2": 53.270440251572325,
  "voc": 41.4685534591195,
  "temp": 25.609119496855264,
  "humidity": 26.97169811320756
}